label,ppl,decode_ms_per_token,T,k,use_wmf,beta_end
T3_k16_kl_beta1.5,1.1873939985608215,3.6011575612064917,3,16,0,1.5
T2_k16_kl_beta1.5,1.1887310441697008,2.815830719555379,2,16,0,1.5
T1_k32_kl_beta1.2,1.1925211654568062,1.68502343876753,1,32,0,1.2
T1_k16_kl_beta1.2,1.1964157481097772,1.5709804702055408,1,16,0,1.2
