label,ppl,decode_ms_per_token,T,k,beta_end
T2_k16_kl_be1.5,1.131566017853752,2.6880989371420583,2,16,1.5
T2_k16_kl_be1.2,1.133483661910786,2.5448645938013215,2,16,1.2
T1_k32_kl_be1.2,1.1445098525911823,1.932222656250815,1,32,1.2
T1_k16_kl_be1.2,1.147351596991547,1.6147525930136908,1,16,1.2
