label,ppl,decode_ms_per_token,T,k,use_wmf,beta_end
T3_k32_wmf_be1.5,1.006742985037394,25.516677093037288,3,32,0,1.5
T2_k32_wmf_be1.2,1.009336877025053,22.900781250427826,2,32,0,1.2
T2_k32_wmf_be1.5,1.0156654428025593,18.473299467586912,2,32,0,1.5
