label,ppl,decode_ms_per_token,T,k,use_wmf,beta_end
T3_k32_kl_be1.5,1.0043261554916048,14.03344271966489,3,32,0,1.5
T3_k16_kl_be1.5,1.0052842309916905,10.169526030949783,3,16,0,1.5
T1_k32_kl_be1.5,1.0055576672400015,4.624785156920552,1,32,0,1.5
T1_k16_kl_be1.5,1.0103008367253767,4.259114593878621,1,16,0,1.5
