label,ppl,decode_ms_per_token,T,k,use_wmf,beta_end
T2_k16_kl_be1.6,1.035636229610979,5.658531250446686,2,16,0,1.6
T1_k16_kl_be1.3,1.0470730313383034,4.192584656266263,1,16,0,1.3
T2_k16_kl_be1.3,1.0480768824166813,2.9118033744452987,2,16,0,1.3
