{
  "T1_k16_kl_be1.2": [
    {
      "epoch": 1,
      "loss": 1.4961359859399852,
      "perplexity": 4.464405174870126,
      "energy": 22.579745018690648,
      "iters_per_token": 0.0,
      "seconds": 4.712809749995358
    }
  ],
  "T1_k16_kl_be1.5": [
    {
      "epoch": 1,
      "loss": 1.533439199413572,
      "perplexity": 4.634086996767908,
      "energy": 17.567313815214273,
      "iters_per_token": 0.0,
      "seconds": 4.757590874971356
    }
  ],
  "T1_k16_wmf_be1.2": [
    {
      "epoch": 1,
      "loss": 1.398033575695895,
      "perplexity": 4.047233558308605,
      "energy": 23.305508046206974,
      "iters_per_token": 0.0,
      "seconds": 8.363250166992657
    }
  ],
  "T1_k16_wmf_be1.5": [
    {
      "epoch": 1,
      "loss": 1.3742741463085015,
      "perplexity": 3.952206957521988,
      "energy": 22.939727142883378,
      "iters_per_token": 0.0,
      "seconds": 8.454932374996133
    }
  ],
  "T2_k16_kl_be1.2": [
    {
      "epoch": 1,
      "loss": 0.9409701919094438,
      "perplexity": 2.562466296799242,
      "energy": 764.9739777305607,
      "iters_per_token": 0.0,
      "seconds": 6.0387022090144455
    }
  ],
  "T2_k16_kl_be1.5": [
    {
      "epoch": 1,
      "loss": 0.889675141072699,
      "perplexity": 2.434338706163266,
      "energy": 991.713099550345,
      "iters_per_token": 0.0,
      "seconds": 5.995909124962054
    }
  ],
  "T2_k16_wmf_be1.2": [
    {
      "epoch": 1,
      "loss": 0.8186160774458022,
      "perplexity": 2.26735981487319,
      "energy": 1578.816464137907,
      "iters_per_token": 0.0,
      "seconds": 11.76237895898521
    }
  ],
  "T2_k16_wmf_be1.5": [
    {
      "epoch": 1,
      "loss": 0.8461065709768306,
      "perplexity": 2.330555313084056,
      "energy": 1636.9440191178717,
      "iters_per_token": 0.0,
      "seconds": 11.823236500029452
    }
  ],
  "T3_k16_kl_be1.2": [
    {
      "epoch": 1,
      "loss": 0.7494752036851077,
      "perplexity": 2.115889314277067,
      "energy": 16844.970603871458,
      "iters_per_token": 0.0,
      "seconds": 7.1520792079973035
    }
  ],
  "T3_k16_kl_be1.5": [
    {
      "epoch": 1,
      "loss": 0.6855909747027216,
      "perplexity": 1.9849445409934325,
      "energy": 18582.648127215172,
      "iters_per_token": 0.0,
      "seconds": 7.1353685420472175
    }
  ],
  "T3_k16_wmf_be1.2": [
    {
      "epoch": 1,
      "loss": 0.6636808929166623,
      "perplexity": 1.9419272211220755,
      "energy": 16050.2988157098,
      "iters_per_token": 0.0,
      "seconds": 14.993138374993578
    }
  ],
  "T3_k16_wmf_be1.5": [
    {
      "epoch": 1,
      "loss": 0.7043099961287919,
      "perplexity": 2.0224507045463374,
      "energy": 17522.54737243976,
      "iters_per_token": 0.0,
      "seconds": 15.04410729202209
    }
  ]
}