label,ppl,decode_ms_per_token,T,k,use_wmf,beta_end
T1_k16_kl_be1.6,1.0032935959854967,2.6359166549809743,1,16,0,1.6
T1_k32_kl_be1.4,1.0033718921969148,1.9231302194384625,1,32,0,1.4
T1_k32_kl_be1.5,1.005222559880033,1.8243242193420883,1,32,0,1.5
