label,ppl,decode_ms_per_token,T,k,use_wmf,beta_end
T3_k32_kl_be1.5,1.0214715211063172,14.326231779705267,3,32,0,1.5
T3_k16_kl_be1.5,1.0261499515633021,10.131631530384766,3,16,0,1.5
T2_k16_kl_be1.5,1.040438420218178,7.95687759455177,2,16,0,1.5
T1_k16_kl_be1.5,1.041135834942306,5.562958343944047,1,16,0,1.5
